iso_code,continent,location,date,total_cases,new_cases,new_cases_smoothed,total_deaths,new_deaths,new_deaths_smoothed,total_cases_per_million,new_cases_per_million,new_cases_smoothed_per_million,total_deaths_per_million,new_deaths_per_million,new_deaths_smoothed_per_million,new_tests,total_tests,total_tests_per_thousand,new_tests_per_thousand,new_tests_smoothed,new_tests_smoothed_per_thousand,tests_per_case,positive_rate,tests_units,stringency_index,population,population_density,median_age,aged_65_older,aged_70_older,gdp_per_capita,extreme_poverty,cardiovasc_death_rate,diabetes_prevalence,female_smokers,male_smokers,handwashing_facilities,hospital_beds_per_thousand,life_expectancy
KOR,Asia,South Korea,2019-12-31,0,0,,0,0,,0,0,,0,0,,,,,,,,,,,,51269183,527.967,43.4,13.914,8.622,35938.374,0.2,85.998,6.8,6.2,40.9,,12.27,83.03
KOR,Asia,South Korea,2020-01-01,0,0,,0,0,,0,0,,0,0,,,,,,,,,,,0,51269183,527.967,43.4,13.914,8.622,35938.374,0.2,85.998,6.8,6.2,40.9,,12.27,83.03
KOR,Asia,South Korea,2020-01-02,0,0,,0,0,,0,0,,0,0,,,,,,,,,,,0,51269183,527.967,43.4,13.914,8.622,35938.374,0.2,85.998,6.8,6.2,40.9,,12.27,83.03
KOR,Asia,South Korea,2020-01-03,0,0,,0,0,,0,0,,0,0,,,,,,,,,,,0,51269183,527.967,43.4,13.914,8.622,35938.374,0.2,85.998,6.8,6.2,40.9,,12.27,83.03
KOR,Asia,South Korea,2020-01-04,0,0,,0,0,,0,0,,0,0,,,,,,,,,,,0,51269183,527.967,43.4,13.914,8.622,35938.374,0.2,85.998,6.8,6.2,40.9,,12.27,83.03
KOR,Asia,South Korea,2020-01-05,0,0,,0,0,,0,0,,0,0,,,,,,,,,,,0,51269183,527.967,43.4,13.914,8.622,35938.374,0.2,85.998,6.8,6.2,40.9,,12.27,83.03
KOR,Asia,South Korea,2020-01-06,0,0,0,0,0,0,0,0,0,0,0,0,,,,,,,,,,0,51269183,527.967,43.4,13.914,8.622,35938.374,0.2,85.998,6.8,6.2,40.9,,12.27,83.03
KOR,Asia,South Korea,2020-01-07,0,0,0,0,0,0,0,0,0,0,0,0,,,,,,,,,,0,51269183,527.967,43.4,13.914,8.622,35938.374,0.2,85.998,6.8,6.2,40.9,,12.27,83.03
KOR,Asia,South Korea,2020-01-08,0,0,0,0,0,0,0,0,0,0,0,0,,,,,,,,,,0,51269183,527.967,43.4,13.914,8.622,35938.374,0.2,85.998,6.8,6.2,40.9,,12.27,83.03
KOR,Asia,South Korea,2020-01-09,0,0,0,0,0,0,0,0,0,0,0,0,,,,,,,,,,0,51269183,527.967,43.4,13.914,8.622,35938.374,0.2,85.998,6.8,6.2,40.9,,12.27,83.03
KOR,Asia,South Korea,2020-01-10,0,0,0,0,0,0,0,0,0,0,0,0,,,,,,,,,,0,51269183,527.967,43.4,13.914,8.622,35938.374,0.2,85.998,6.8,6.2,40.9,,12.27,83.03
KOR,Asia,South Korea,2020-01-11,0,0,0,0,0,0,0,0,0,0,0,0,,,,,,,,,,0,51269183,527.967,43.4,13.914,8.622,35938.374,0.2,85.998,6.8,6.2,40.9,,12.27,83.03
KOR,Asia,South Korea,2020-01-12,0,0,0,0,0,0,0,0,0,0,0,0,,,,,,,,,,0,51269183,527.967,43.4,13.914,8.622,35938.374,0.2,85.998,6.8,6.2,40.9,,12.27,83.03
KOR,Asia,South Korea,2020-01-13,0,0,0,0,0,0,0,0,0,0,0,0,,,,,,,,,,0,51269183,527.967,43.4,13.914,8.622,35938.374,0.2,85.998,6.8,6.2,40.9,,12.27,83.03
KOR,Asia,South Korea,2020-01-14,0,0,0,0,0,0,0,0,0,0,0,0,,,,,,,,,,0,51269183,527.967,43.4,13.914,8.622,35938.374,0.2,85.998,6.8,6.2,40.9,,12.27,83.03
KOR,Asia,South Korea,2020-01-15,0,0,0,0,0,0,0,0,0,0,0,0,,,,,,,,,,0,51269183,527.967,43.4,13.914,8.622,35938.374,0.2,85.998,6.8,6.2,40.9,,12.27,83.03
KOR,Asia,South Korea,2020-01-16,0,0,0,0,0,0,0,0,0,0,0,0,,,,,,,,,,0,51269183,527.967,43.4,13.914,8.622,35938.374,0.2,85.998,6.8,6.2,40.9,,12.27,83.03
KOR,Asia,South Korea,2020-01-17,0,0,0,0,0,0,0,0,0,0,0,0,,,,,,,,,,0,51269183,527.967,43.4,13.914,8.622,35938.374,0.2,85.998,6.8,6.2,40.9,,12.27,83.03
KOR,Asia,South Korea,2020-01-18,0,0,0,0,0,0,0,0,0,0,0,0,,,,,,,,,,0,51269183,527.967,43.4,13.914,8.622,35938.374,0.2,85.998,6.8,6.2,40.9,,12.27,83.03
KOR,Asia,South Korea,2020-01-19,0,0,0,0,0,0,0,0,0,0,0,0,,,,,,,,,,0,51269183,527.967,43.4,13.914,8.622,35938.374,0.2,85.998,6.8,6.2,40.9,,12.27,83.03
KOR,Asia,South Korea,2020-01-20,1,1,0.143,0,0,0,0.02,0.02,0.003,0,0,0,,,,,,,,,,0,51269183,527.967,43.4,13.914,8.622,35938.374,0.2,85.998,6.8,6.2,40.9,,12.27,83.03
KOR,Asia,South Korea,2020-01-21,1,0,0.143,0,0,0,0.02,0,0.003,0,0,0,,11,0,,,,,,people tested,0,51269183,527.967,43.4,13.914,8.622,35938.374,0.2,85.998,6.8,6.2,40.9,,12.27,83.03
KOR,Asia,South Korea,2020-01-22,1,0,0.143,0,0,0,0.02,0,0.003,0,0,0,5,16,0,0,,,,,people tested,0,51269183,527.967,43.4,13.914,8.622,35938.374,0.2,85.998,6.8,6.2,40.9,,12.27,83.03
KOR,Asia,South Korea,2020-01-23,1,0,0.143,0,0,0,0.02,0,0.003,0,0,0,,,,,,,,,people tested,0,51269183,527.967,43.4,13.914,8.622,35938.374,0.2,85.998,6.8,6.2,40.9,,12.27,83.03
KOR,Asia,South Korea,2020-01-24,2,1,0.286,0,0,0,0.039,0.02,0.006,0,0,0,,25,0,,,,,,people tested,0,51269183,527.967,43.4,13.914,8.622,35938.374,0.2,85.998,6.8,6.2,40.9,,12.27,83.03
KOR,Asia,South Korea,2020-01-25,2,0,0.286,0,0,0,0.039,0,0.006,0,0,0,,,,,,,,,people tested,0,51269183,527.967,43.4,13.914,8.622,35938.374,0.2,85.998,6.8,6.2,40.9,,12.27,83.03
KOR,Asia,South Korea,2020-01-26,3,1,0.429,0,0,0,0.059,0.02,0.008,0,0,0,,48,0.001,,,,,,people tested,0,51269183,527.967,43.4,13.914,8.622,35938.374,0.2,85.998,6.8,6.2,40.9,,12.27,83.03
KOR,Asia,South Korea,2020-01-27,4,1,0.429,0,0,0,0.078,0.02,0.008,0,0,0,9,57,0.001,0,,,,,people tested,0,51269183,527.967,43.4,13.914,8.622,35938.374,0.2,85.998,6.8,6.2,40.9,,12.27,83.03
KOR,Asia,South Korea,2020-01-28,4,0,0.429,0,0,0,0.078,0,0.008,0,0,0,130,187,0.004,0.003,25,0,58.333,0.017,people tested,0,51269183,527.967,43.4,13.914,8.622,35938.374,0.2,85.998,6.8,6.2,40.9,,12.27,83.03
KOR,Asia,South Korea,2020-01-29,4,0,0.429,0,0,0,0.078,0,0.008,0,0,0,,,,,28,0.001,65.333,0.015,people tested,0,51269183,527.967,43.4,13.914,8.622,35938.374,0.2,85.998,6.8,6.2,40.9,,12.27,83.03
KOR,Asia,South Korea,2020-01-30,4,0,0.429,0,0,0,0.078,0,0.008,0,0,0,,244,0.005,,32,0.001,74.667,0.013,people tested,0,51269183,527.967,43.4,13.914,8.622,35938.374,0.2,85.998,6.8,6.2,40.9,,12.27,83.03
KOR,Asia,South Korea,2020-01-31,7,3,0.714,0,0,0,0.137,0.059,0.014,0,0,0,,,,,40,0.001,56,0.018,people tested,2.78,51269183,527.967,43.4,13.914,8.622,35938.374,0.2,85.998,6.8,6.2,40.9,,12.27,83.03
KOR,Asia,South Korea,2020-02-01,12,5,1.429,0,0,0,0.234,0.098,0.028,0,0,0,,371,0.007,,48,0.001,33.6,0.03,people tested,13.89,51269183,527.967,43.4,13.914,8.622,35938.374,0.2,85.998,6.8,6.2,40.9,,12.27,83.03
KOR,Asia,South Korea,2020-02-02,15,3,1.714,0,0,0,0.293,0.059,0.033,0,0,0,58,429,0.008,0.001,54,0.001,31.5,0.032,people tested,13.89,51269183,527.967,43.4,13.914,8.622,35938.374,0.2,85.998,6.8,6.2,40.9,,12.27,83.03
KOR,Asia,South Korea,2020-02-03,15,0,1.571,0,0,0,0.293,0,0.031,0,0,0,,,,,66,0.001,42,0.024,people tested,19.44,51269183,527.967,43.4,13.914,8.622,35938.374,0.2,85.998,6.8,6.2,40.9,,12.27,83.03
KOR,Asia,South Korea,2020-02-04,16,1,1.714,0,0,0,0.312,0.02,0.033,0,0,0,,607,0.012,,60,0.001,35,0.029,people tested,27.78,51269183,527.967,43.4,13.914,8.622,35938.374,0.2,85.998,6.8,6.2,40.9,,12.27,83.03
KOR,Asia,South Korea,2020-02-05,18,2,2,0,0,0,0.351,0.039,0.039,0,0,0,107,714,0.014,0.002,71,0.001,35.5,0.028,people tested,27.78,51269183,527.967,43.4,13.914,8.622,35938.374,0.2,85.998,6.8,6.2,40.9,,12.27,83.03
KOR,Asia,South Korea,2020-02-06,23,5,2.714,0,0,0,0.449,0.098,0.053,0,0,0,171,885,0.017,0.003,92,0.002,33.895,0.03,people tested,31.48,51269183,527.967,43.4,13.914,8.622,35938.374,0.2,85.998,6.8,6.2,40.9,,12.27,83.03
KOR,Asia,South Korea,2020-02-07,24,1,2.429,0,0,0,0.468,0.02,0.047,0,0,0,245,1130,0.022,0.005,118,0.002,48.588,0.021,people tested,31.48,51269183,527.967,43.4,13.914,8.622,35938.374,0.2,85.998,6.8,6.2,40.9,,12.27,83.03
KOR,Asia,South Korea,2020-02-08,24,0,1.714,0,0,0,0.468,0,0.033,0,0,0,571,1701,0.033,0.011,190,0.004,110.833,0.009,people tested,31.48,51269183,527.967,43.4,13.914,8.622,35938.374,0.2,85.998,6.8,6.2,40.9,,12.27,83.03
KOR,Asia,South Korea,2020-02-09,25,1,1.429,0,0,0,0.488,0.02,0.028,0,0,0,639,2340,0.046,0.012,273,0.005,191.1,0.005,people tested,31.48,51269183,527.967,43.4,13.914,8.622,35938.374,0.2,85.998,6.8,6.2,40.9,,12.27,83.03
KOR,Asia,South Korea,2020-02-10,27,2,1.714,0,0,0,0.527,0.039,0.033,0,0,0,436,2776,0.054,0.009,323,0.006,188.417,0.005,people tested,31.48,51269183,527.967,43.4,13.914,8.622,35938.374,0.2,85.998,6.8,6.2,40.9,,12.27,83.03
KOR,Asia,South Korea,2020-02-11,28,1,1.714,0,0,0,0.546,0.02,0.033,0,0,0,853,3629,0.071,0.017,432,0.008,252,0.004,people tested,31.48,51269183,527.967,43.4,13.914,8.622,35938.374,0.2,85.998,6.8,6.2,40.9,,12.27,83.03
KOR,Asia,South Korea,2020-02-12,28,0,1.429,0,0,0,0.546,0,0.028,0,0,0,1445,5074,0.099,0.028,623,0.012,436.1,0.002,people tested,31.48,51269183,527.967,43.4,13.914,8.622,35938.374,0.2,85.998,6.8,6.2,40.9,,12.27,83.03
KOR,Asia,South Korea,2020-02-13,28,0,0.714,0,0,0,0.546,0,0.014,0,0,0,723,5797,0.113,0.014,702,0.014,982.8,0.001,people tested,31.48,51269183,527.967,43.4,13.914,8.622,35938.374,0.2,85.998,6.8,6.2,40.9,,12.27,83.03
KOR,Asia,South Korea,2020-02-14,28,0,0.571,0,0,0,0.546,0,0.011,0,0,0,1057,6854,0.134,0.021,818,0.016,1431.5,0.001,people tested,31.48,51269183,527.967,43.4,13.914,8.622,35938.374,0.2,85.998,6.8,6.2,40.9,,12.27,83.03
KOR,Asia,South Korea,2020-02-15,28,0,0.571,0,0,0,0.546,0,0.011,0,0,0,665,7519,0.147,0.013,831,0.016,1454.25,0.001,people tested,31.48,51269183,527.967,43.4,13.914,8.622,35938.374,0.2,85.998,6.8,6.2,40.9,,12.27,83.03
KOR,Asia,South Korea,2020-02-16,29,1,0.571,0,0,0,0.566,0.02,0.011,0,0,0,400,7919,0.154,0.008,797,0.016,1394.75,0.001,people tested,31.48,51269183,527.967,43.4,13.914,8.622,35938.374,0.2,85.998,6.8,6.2,40.9,,12.27,83.03
KOR,Asia,South Korea,2020-02-17,30,1,0.429,0,0,0,0.585,0.02,0.008,0,0,0,252,8171,0.159,0.005,771,0.015,1799,0.001,people tested,31.48,51269183,527.967,43.4,13.914,8.622,35938.374,0.2,85.998,6.8,6.2,40.9,,12.27,83.03
KOR,Asia,South Korea,2020-02-18,31,1,0.429,0,0,0,0.605,0.02,0.008,0,0,0,1094,9265,0.181,0.021,805,0.016,1878.333,0.001,people tested,31.48,51269183,527.967,43.4,13.914,8.622,35938.374,0.2,85.998,6.8,6.2,40.9,,12.27,83.03
KOR,Asia,South Korea,2020-02-19,46,15,2.571,0,0,0,0.897,0.293,0.05,0,0,0,1146,10411,0.203,0.022,762,0.015,296.333,0.003,people tested,31.48,51269183,527.967,43.4,13.914,8.622,35938.374,0.2,85.998,6.8,6.2,40.9,,12.27,83.03
KOR,Asia,South Korea,2020-02-20,80,34,7.429,0,0,0,1.56,0.663,0.145,0,0,0,1750,12161,0.237,0.034,909,0.018,122.365,0.008,people tested,31.48,51269183,527.967,43.4,13.914,8.622,35938.374,0.2,85.998,6.8,6.2,40.9,,12.27,83.03
KOR,Asia,South Korea,2020-02-21,155,75,18.143,1,1,0.143,3.023,1.463,0.354,0.02,0.02,0.003,2655,14816,0.289,0.052,1137,0.022,62.669,0.016,people tested,45.37,51269183,527.967,43.4,13.914,8.622,35938.374,0.2,85.998,6.8,6.2,40.9,,12.27,83.03
KOR,Asia,South Korea,2020-02-22,345,190,45.286,2,1,0.286,6.729,3.706,0.883,0.039,0.02,0.006,4805,19621,0.383,0.094,1729,0.034,38.18,0.026,people tested,45.37,51269183,527.967,43.4,13.914,8.622,35938.374,0.2,85.998,6.8,6.2,40.9,,12.27,83.03
KOR,Asia,South Korea,2020-02-23,601,256,81.714,5,3,0.714,11.722,4.993,1.594,0.098,0.059,0.014,3012,22633,0.441,0.059,2102,0.041,25.724,0.039,people tested,50,51269183,527.967,43.4,13.914,8.622,35938.374,0.2,85.998,6.8,6.2,40.9,,12.27,83.03
KOR,Asia,South Korea,2020-02-24,762,161,104.571,7,2,1,14.863,3.14,2.04,0.137,0.039,0.02,5982,28615,0.558,0.117,2921,0.057,27.933,0.036,people tested,55.56,51269183,527.967,43.4,13.914,8.622,35938.374,0.2,85.998,6.8,6.2,40.9,,12.27,83.03
KOR,Asia,South Korea,2020-02-25,892,130,123,8,1,1.143,17.398,2.536,2.399,0.156,0.02,0.022,8101,36716,0.716,0.158,3922,0.076,31.886,0.031,people tested,55.56,51269183,527.967,43.4,13.914,8.622,35938.374,0.2,85.998,6.8,6.2,40.9,,12.27,83.03
KOR,Asia,South Korea,2020-02-26,1146,254,157.143,11,3,1.571,22.353,4.954,3.065,0.215,0.059,0.031,9411,46127,0.9,0.184,5102,0.1,32.467,0.031,people tested,55.56,51269183,527.967,43.4,13.914,8.622,35938.374,0.2,85.998,6.8,6.2,40.9,,12.27,83.03
KOR,Asia,South Korea,2020-02-27,1595,449,216.429,12,1,1.714,31.11,8.758,4.221,0.234,0.02,0.033,11863,57990,1.131,0.231,6547,0.128,30.25,0.033,people tested,55.56,51269183,527.967,43.4,13.914,8.622,35938.374,0.2,85.998,6.8,6.2,40.9,,12.27,83.03
KOR,Asia,South Korea,2020-02-28,2022,427,266.714,13,1,1.714,39.439,8.329,5.202,0.254,0.02,0.033,12950,70940,1.384,0.253,8018,0.156,30.062,0.033,people tested,55.56,51269183,527.967,43.4,13.914,8.622,35938.374,0.2,85.998,6.8,6.2,40.9,,12.27,83.03
KOR,Asia,South Korea,2020-02-29,2931,909,369.429,16,3,2,57.169,17.73,7.206,0.312,0.059,0.039,14753,85693,1.671,0.288,9439,0.184,25.55,0.039,people tested,55.56,51269183,527.967,43.4,13.914,8.622,35938.374,0.2,85.998,6.8,6.2,40.9,,12.27,83.03
KOR,Asia,South Korea,2020-03-01,3526,595,417.857,17,1,1.714,68.774,11.605,8.15,0.332,0.02,0.033,11292,96985,1.892,0.22,10622,0.207,25.42,0.039,people tested,55.56,51269183,527.967,43.4,13.914,8.622,35938.374,0.2,85.998,6.8,6.2,40.9,,12.27,83.03
KOR,Asia,South Korea,2020-03-02,4212,686,492.857,22,5,2.143,82.155,13.38,9.613,0.429,0.098,0.042,12606,109591,2.138,0.246,11568,0.226,23.471,0.043,people tested,55.56,51269183,527.967,43.4,13.914,8.622,35938.374,0.2,85.998,6.8,6.2,40.9,,12.27,83.03
KOR,Asia,South Korea,2020-03-03,4812,600,560,28,6,2.857,93.858,11.703,10.923,0.546,0.117,0.056,16260,125851,2.455,0.317,12734,0.248,22.739,0.044,people tested,55.56,51269183,527.967,43.4,13.914,8.622,35938.374,0.2,85.998,6.8,6.2,40.9,,12.27,83.03
KOR,Asia,South Korea,2020-03-04,5328,516,597.429,32,4,3,103.922,10.065,11.653,0.624,0.078,0.059,10856,136707,2.666,0.212,12940,0.252,21.659,0.046,people tested,55.56,51269183,527.967,43.4,13.914,8.622,35938.374,0.2,85.998,6.8,6.2,40.9,,12.27,83.03
KOR,Asia,South Korea,2020-03-05,5766,438,595.857,35,3,3.286,112.465,8.543,11.622,0.683,0.059,0.064,9834,146541,2.858,0.192,12650,0.247,21.23,0.047,people tested,55.56,51269183,527.967,43.4,13.914,8.622,35938.374,0.2,85.998,6.8,6.2,40.9,,12.27,83.03
KOR,Asia,South Korea,2020-03-06,6284,518,608.857,42,7,4.143,122.569,10.104,11.876,0.819,0.137,0.081,18199,164740,3.213,0.355,13400,0.261,22.008,0.045,people tested,55.56,51269183,527.967,43.4,13.914,8.622,35938.374,0.2,85.998,6.8,6.2,40.9,,12.27,83.03
KOR,Asia,South Korea,2020-03-07,6767,483,548,44,2,4,131.99,9.421,10.689,0.858,0.039,0.078,13449,178189,3.476,0.262,13214,0.258,24.113,0.041,people tested,55.56,51269183,527.967,43.4,13.914,8.622,35938.374,0.2,85.998,6.8,6.2,40.9,,12.27,83.03
KOR,Asia,South Korea,2020-03-08,7134,367,515.429,50,6,4.714,139.148,7.158,10.053,0.975,0.117,0.092,10329,188518,3.677,0.201,13076,0.255,25.369,0.039,people tested,55.56,51269183,527.967,43.4,13.914,8.622,35938.374,0.2,85.998,6.8,6.2,40.9,,12.27,83.03
KOR,Asia,South Korea,2020-03-09,7382,248,452.857,51,1,4.143,143.985,4.837,8.833,0.995,0.02,0.081,8100,196618,3.835,0.158,12432,0.242,27.452,0.036,people tested,55.56,51269183,527.967,43.4,13.914,8.622,35938.374,0.2,85.998,6.8,6.2,40.9,,12.27,83.03
KOR,Asia,South Korea,2020-03-10,7513,131,385.857,54,3,3.714,146.54,2.555,7.526,1.053,0.059,0.072,13526,210144,4.099,0.264,12042,0.235,31.208,0.032,people tested,55.56,51269183,527.967,43.4,13.914,8.622,35938.374,0.2,85.998,6.8,6.2,40.9,,12.27,83.03
KOR,Asia,South Korea,2020-03-11,7755,242,346.714,60,6,4,151.26,4.72,6.763,1.17,0.117,0.078,12251,222395,4.338,0.239,12241,0.239,35.306,0.028,people tested,55.56,51269183,527.967,43.4,13.914,8.622,35938.374,0.2,85.998,6.8,6.2,40.9,,12.27,83.03
KOR,Asia,South Korea,2020-03-12,7869,114,300.429,66,6,4.429,153.484,2.224,5.86,1.287,0.117,0.086,,,,,11430,0.223,38.046,0.026,people tested,55.56,51269183,527.967,43.4,13.914,8.622,35938.374,0.2,85.998,6.8,6.2,40.9,,12.27,83.03
KOR,Asia,South Korea,2020-03-13,7979,110,242.143,67,1,3.571,155.63,2.146,4.723,1.307,0.02,0.07,,230707,4.5,,9424,0.184,38.919,0.026,people tested,55.56,51269183,527.967,43.4,13.914,8.622,35938.374,0.2,85.998,6.8,6.2,40.9,,12.27,83.03
KOR,Asia,South Korea,2020-03-14,8086,107,188.429,72,5,4,157.717,2.087,3.675,1.404,0.098,0.078,,,,,8875,0.173,47.1,0.021,people tested,55.56,51269183,527.967,43.4,13.914,8.622,35938.374,0.2,85.998,6.8,6.2,40.9,,12.27,83.03
KOR,Asia,South Korea,2020-03-15,8162,76,146.857,75,3,3.571,159.199,1.482,2.864,1.463,0.059,0.07,,,,,8772,0.171,59.732,0.017,people tested,55.56,51269183,527.967,43.4,13.914,8.622,35938.374,0.2,85.998,6.8,6.2,40.9,,12.27,83.03
KOR,Asia,South Korea,2020-03-16,8236,74,122,75,0,3.429,160.642,1.443,2.38,1.463,0,0.067,,259533,5.062,,8988,0.175,73.672,0.014,people tested,55.56,51269183,527.967,43.4,13.914,8.622,35938.374,0.2,85.998,6.8,6.2,40.9,,12.27,83.03
KOR,Asia,South Korea,2020-03-17,8320,84,115.286,81,6,3.857,162.281,1.638,2.249,1.58,0.117,0.075,,,,,8560,0.167,74.25,0.013,people tested,55.56,51269183,527.967,43.4,13.914,8.622,35938.374,0.2,85.998,6.8,6.2,40.9,,12.27,83.03
KOR,Asia,South Korea,2020-03-18,8413,93,94,86,5,3.714,164.095,1.814,1.833,1.677,0.098,0.072,,,,,8314,0.162,88.447,0.011,people tested,55.56,51269183,527.967,43.4,13.914,8.622,35938.374,0.2,85.998,6.8,6.2,40.9,,12.27,83.03
KOR,Asia,South Korea,2020-03-19,8565,152,99.429,91,5,3.571,167.059,2.965,1.939,1.775,0.098,0.07,,291120,5.678,,9224,0.18,92.77,0.011,people tested,55.56,51269183,527.967,43.4,13.914,8.622,35938.374,0.2,85.998,6.8,6.2,40.9,,12.27,83.03
KOR,Asia,South Korea,2020-03-20,8652,87,96.143,100,9,4.714,168.756,1.697,1.875,1.95,0.176,0.092,10019,301139,5.874,0.195,10062,0.196,104.657,0.01,people tested,55.56,51269183,527.967,43.4,13.914,8.622,35938.374,0.2,85.998,6.8,6.2,40.9,,12.27,83.03
KOR,Asia,South Korea,2020-03-21,8799,147,101.857,103,3,4.429,171.624,2.867,1.987,2.009,0.059,0.086,10666,311805,6.082,0.208,10213,0.199,100.268,0.01,people tested,69.44,51269183,527.967,43.4,13.914,8.622,35938.374,0.2,85.998,6.8,6.2,40.9,,12.27,83.03
KOR,Asia,South Korea,2020-03-22,8897,98,105,104,1,4.143,173.535,1.911,2.048,2.029,0.02,0.081,5435,317240,6.188,0.106,9617,0.188,91.59,0.011,people tested,75.93,51269183,527.967,43.4,13.914,8.622,35938.374,0.2,85.998,6.8,6.2,40.9,,12.27,83.03
KOR,Asia,South Korea,2020-03-23,8961,64,103.571,113,9,5.429,174.783,1.248,2.02,2.204,0.176,0.106,7168,324408,6.328,0.14,9268,0.181,89.484,0.011,people tested,75.93,51269183,527.967,43.4,13.914,8.622,35938.374,0.2,85.998,6.8,6.2,40.9,,12.27,83.03
KOR,Asia,South Korea,2020-03-24,9037,76,102.429,120,7,5.571,176.266,1.482,1.998,2.341,0.137,0.109,8734,333142,6.498,0.17,9011,0.176,87.974,0.011,people tested,75.93,51269183,527.967,43.4,13.914,8.622,35938.374,0.2,85.998,6.8,6.2,40.9,,12.27,83.03
KOR,Asia,South Korea,2020-03-25,9137,100,103.429,126,6,5.714,178.216,1.95,2.017,2.458,0.117,0.111,10476,343618,6.702,0.204,9004,0.176,87.055,0.011,people tested,75.93,51269183,527.967,43.4,13.914,8.622,35938.374,0.2,85.998,6.8,6.2,40.9,,12.27,83.03
KOR,Asia,South Korea,2020-03-26,9241,104,96.571,131,5,5.714,180.245,2.029,1.884,2.555,0.098,0.111,6955,350573,6.838,0.136,8493,0.166,87.945,0.011,people tested,75.93,51269183,527.967,43.4,13.914,8.622,35938.374,0.2,85.998,6.8,6.2,40.9,,12.27,83.03
KOR,Asia,South Korea,2020-03-27,9332,91,97.143,139,8,5.571,182.02,1.775,1.895,2.711,0.156,0.109,11169,361742,7.056,0.218,8658,0.169,89.126,0.011,people tested,75.93,51269183,527.967,43.4,13.914,8.622,35938.374,0.2,85.998,6.8,6.2,40.9,,12.27,83.03
KOR,Asia,South Korea,2020-03-28,9478,146,97,144,5,5.857,184.867,2.848,1.892,2.809,0.098,0.114,9619,371361,7.243,0.188,8508,0.166,87.711,0.011,people tested,75.93,51269183,527.967,43.4,13.914,8.622,35938.374,0.2,85.998,6.8,6.2,40.9,,12.27,83.03
KOR,Asia,South Korea,2020-03-29,9583,105,98,152,8,6.857,186.915,2.048,1.911,2.965,0.156,0.134,,,,,8467,0.165,86.398,0.012,people tested,75.93,51269183,527.967,43.4,13.914,8.622,35938.374,0.2,85.998,6.8,6.2,40.9,,12.27,83.03
KOR,Asia,South Korea,2020-03-30,9661,78,100,158,6,6.429,188.437,1.521,1.95,3.082,0.117,0.125,,381663,7.444,,8179,0.16,81.79,0.012,people tested,75.93,51269183,527.967,43.4,13.914,8.622,35938.374,0.2,85.998,6.8,6.2,40.9,,12.27,83.03
KOR,Asia,South Korea,2020-03-31,9786,125,107,163,5,6.143,190.875,2.438,2.087,3.179,0.098,0.12,12009,393672,7.679,0.234,8647,0.169,80.813,0.012,people tested,75.93,51269183,527.967,43.4,13.914,8.622,35938.374,0.2,85.998,6.8,6.2,40.9,,12.27,83.03
KOR,Asia,South Korea,2020-04-01,9786,0,92.714,163,0,5.286,190.875,0,1.808,3.179,0,0.103,11290,404962,7.899,0.22,8763,0.171,94.516,0.011,people tested,75.93,51269183,527.967,43.4,13.914,8.622,35938.374,0.2,85.998,6.8,6.2,40.9,,12.27,83.03
KOR,Asia,South Korea,2020-04-02,9976,190,105,169,6,5.429,194.581,3.706,2.048,3.296,0.117,0.106,8896,413858,8.072,0.174,9041,0.176,86.105,0.012,people tested,75.93,51269183,527.967,43.4,13.914,8.622,35938.374,0.2,85.998,6.8,6.2,40.9,,12.27,83.03
KOR,Asia,South Korea,2020-04-03,10062,86,104.286,174,5,5,196.258,1.677,2.034,3.394,0.098,0.098,10507,424365,8.277,0.205,8946,0.174,85.784,0.012,people tested,75.93,51269183,527.967,43.4,13.914,8.622,35938.374,0.2,85.998,6.8,6.2,40.9,,12.27,83.03
KOR,Asia,South Korea,2020-04-04,10156,94,96.857,177,3,4.714,198.092,1.833,1.889,3.452,0.059,0.092,,,,,8808,0.172,90.938,0.011,people tested,78.7,51269183,527.967,43.4,13.914,8.622,35938.374,0.2,85.998,6.8,6.2,40.9,,12.27,83.03
KOR,Asia,South Korea,2020-04-05,10237,81,93.429,183,6,4.429,199.672,1.58,1.822,3.569,0.117,0.086,,441662,8.615,,9307,0.182,99.616,0.01,people tested,78.7,51269183,527.967,43.4,13.914,8.622,35938.374,0.2,85.998,6.8,6.2,40.9,,12.27,83.03
KOR,Asia,South Korea,2020-04-06,10284,47,89,186,3,4,200.588,0.917,1.736,3.628,0.059,0.078,5847,447509,8.729,0.114,9407,0.183,105.697,0.009,people tested,82.41,51269183,527.967,43.4,13.914,8.622,35938.374,0.2,85.998,6.8,6.2,40.9,,12.27,83.03
KOR,Asia,South Korea,2020-04-07,10331,47,77.857,192,6,4.143,201.505,0.917,1.519,3.745,0.117,0.081,9145,456654,8.907,0.178,8997,0.175,115.558,0.009,people tested,82.41,51269183,527.967,43.4,13.914,8.622,35938.374,0.2,85.998,6.8,6.2,40.9,,12.27,83.03
KOR,Asia,South Korea,2020-04-08,10384,53,85.429,200,8,5.286,202.539,1.034,1.666,3.901,0.156,0.103,11491,468145,9.131,0.224,9026,0.176,105.656,0.009,people tested,82.41,51269183,527.967,43.4,13.914,8.622,35938.374,0.2,85.998,6.8,6.2,40.9,,12.27,83.03
KOR,Asia,South Korea,2020-04-09,10423,39,63.857,204,4,5,203.3,0.761,1.246,3.979,0.078,0.098,11057,479202,9.347,0.216,9335,0.182,146.186,0.007,people tested,82.41,51269183,527.967,43.4,13.914,8.622,35938.374,0.2,85.998,6.8,6.2,40.9,,12.27,83.03
KOR,Asia,South Korea,2020-04-10,10450,27,55.429,208,4,4.857,203.826,0.527,1.081,4.057,0.078,0.095,8551,487753,9.514,0.167,9055,0.177,163.363,0.006,people tested,82.41,51269183,527.967,43.4,13.914,8.622,35938.374,0.2,85.998,6.8,6.2,40.9,,12.27,83.03
KOR,Asia,South Korea,2020-04-11,10450,0,42,208,0,4.429,203.826,0,0.819,4.057,0,0.086,8656,496409,9.682,0.169,9056,0.177,215.619,0.005,people tested,82.41,51269183,527.967,43.4,13.914,8.622,35938.374,0.2,85.998,6.8,6.2,40.9,,12.27,83.03
KOR,Asia,South Korea,2020-04-12,10512,62,39.286,214,6,4.429,205.035,1.209,0.766,4.174,0.117,0.086,4424,500833,9.769,0.086,8453,0.165,215.167,0.005,people tested,82.41,51269183,527.967,43.4,13.914,8.622,35938.374,0.2,85.998,6.8,6.2,40.9,,12.27,83.03
KOR,Asia,South Korea,2020-04-13,10537,25,36.143,217,3,4.429,205.523,0.488,0.705,4.233,0.059,0.086,4519,505352,9.857,0.088,8263,0.161,228.621,0.004,people tested,82.41,51269183,527.967,43.4,13.914,8.622,35938.374,0.2,85.998,6.8,6.2,40.9,,12.27,83.03
KOR,Asia,South Korea,2020-04-14,10564,27,33.286,222,5,4.286,206.05,0.527,0.649,4.33,0.098,0.084,7435,512787,10.002,0.145,8019,0.156,240.914,0.004,people tested,82.41,51269183,527.967,43.4,13.914,8.622,35938.374,0.2,85.998,6.8,6.2,40.9,,12.27,83.03
KOR,Asia,South Korea,2020-04-15,10591,27,29.571,225,3,3.571,206.576,0.527,0.577,4.389,0.059,0.07,6739,519526,10.133,0.131,7340,0.143,248.213,0.004,people tested,82.41,51269183,527.967,43.4,13.914,8.622,35938.374,0.2,85.998,6.8,6.2,40.9,,12.27,83.03
KOR,Asia,South Korea,2020-04-16,10613,22,27.143,229,4,3.571,207.005,0.429,0.529,4.467,0.078,0.07,4981,524507,10.23,0.097,6472,0.126,238.442,0.004,people tested,82.41,51269183,527.967,43.4,13.914,8.622,35938.374,0.2,85.998,6.8,6.2,40.9,,12.27,83.03
KOR,Asia,South Korea,2020-04-17,10635,22,26.429,230,1,3.143,207.435,0.429,0.515,4.486,0.02,0.061,7770,532277,10.382,0.152,6361,0.124,240.686,0.004,people tested,82.41,51269183,527.967,43.4,13.914,8.622,35938.374,0.2,85.998,6.8,6.2,40.9,,12.27,83.03
KOR,Asia,South Korea,2020-04-18,10653,18,29,232,2,3.429,207.786,0.351,0.566,4.525,0.039,0.067,,,,,6166,0.12,212.621,0.005,people tested,73.15,51269183,527.967,43.4,13.914,8.622,35938.374,0.2,85.998,6.8,6.2,40.9,,12.27,83.03
KOR,Asia,South Korea,2020-04-19,10661,8,21.286,234,2,2.857,207.942,0.156,0.415,4.564,0.039,0.056,,546866,10.667,,6576,0.128,308.94,0.003,people tested,73.15,51269183,527.967,43.4,13.914,8.622,35938.374,0.2,85.998,6.8,6.2,40.9,,12.27,83.03
KOR,Asia,South Korea,2020-04-20,10674,13,19.571,236,2,2.714,208.195,0.254,0.382,4.603,0.039,0.053,4188,551054,10.748,0.082,6529,0.127,333.599,0.003,people tested,43.52,51269183,527.967,43.4,13.914,8.622,35938.374,0.2,85.998,6.8,6.2,40.9,,12.27,83.03
KOR,Asia,South Korea,2020-04-21,10683,9,17,237,1,2.143,208.371,0.176,0.332,4.623,0.02,0.042,7239,558293,10.889,0.141,6501,0.127,382.412,0.003,people tested,43.52,51269183,527.967,43.4,13.914,8.622,35938.374,0.2,85.998,6.8,6.2,40.9,,12.27,83.03
KOR,Asia,South Korea,2020-04-22,10694,11,14.714,238,1,1.857,208.585,0.215,0.287,4.642,0.02,0.036,7545,565838,11.037,0.147,6616,0.129,449.631,0.002,people tested,43.52,51269183,527.967,43.4,13.914,8.622,35938.374,0.2,85.998,6.8,6.2,40.9,,12.27,83.03
KOR,Asia,South Korea,2020-04-23,10702,8,12.714,240,2,1.571,208.741,0.156,0.248,4.681,0.039,0.031,7994,573832,11.193,0.156,7046,0.137,554.18,0.002,people tested,43.52,51269183,527.967,43.4,13.914,8.622,35938.374,0.2,85.998,6.8,6.2,40.9,,12.27,83.03
KOR,Asia,South Korea,2020-04-24,10708,6,10.429,240,0,1.429,208.858,0.117,0.203,4.681,0,0.028,6088,579920,11.311,0.119,6806,0.133,652.63,0.002,people tested,43.52,51269183,527.967,43.4,13.914,8.622,35938.374,0.2,85.998,6.8,6.2,40.9,,12.27,83.03
KOR,Asia,South Korea,2020-04-25,10718,10,9.286,240,0,1.143,209.053,0.195,0.181,4.681,0,0.022,,,,,6376,0.124,686.646,0.001,people tested,43.52,51269183,527.967,43.4,13.914,8.622,35938.374,0.2,85.998,6.8,6.2,40.9,,12.27,83.03
KOR,Asia,South Korea,2020-04-26,10728,10,9.571,242,2,1.143,209.249,0.195,0.187,4.72,0.039,0.022,,,,,5945,0.116,621.119,0.002,people tested,43.52,51269183,527.967,43.4,13.914,8.622,35938.374,0.2,85.998,6.8,6.2,40.9,,12.27,83.03
KOR,Asia,South Korea,2020-04-27,10738,10,9.143,243,1,1,209.444,0.195,0.178,4.74,0.02,0.02,,592765,11.562,,5959,0.116,651.766,0.002,people tested,43.52,51269183,527.967,43.4,13.914,8.622,35938.374,0.2,85.998,6.8,6.2,40.9,,12.27,83.03
KOR,Asia,South Korea,2020-04-28,10752,14,9.857,244,1,1,209.717,0.273,0.192,4.759,0.02,0.02,6546,599311,11.689,0.128,5860,0.114,594.493,0.002,people tested,43.52,51269183,527.967,43.4,13.914,8.622,35938.374,0.2,85.998,6.8,6.2,40.9,,12.27,83.03
KOR,Asia,South Korea,2020-04-29,10761,9,9.571,246,2,1.143,209.892,0.176,0.187,4.798,0.039,0.022,6579,605890,11.818,0.128,5722,0.112,597.821,0.002,people tested,43.52,51269183,527.967,43.4,13.914,8.622,35938.374,0.2,85.998,6.8,6.2,40.9,,12.27,83.03
KOR,Asia,South Korea,2020-04-30,10765,4,9,247,1,1,209.97,0.078,0.176,4.818,0.02,0.02,,,,,5186,0.101,576.222,0.002,people tested,43.52,51269183,527.967,43.4,13.914,8.622,35938.374,0.2,85.998,6.8,6.2,40.9,,12.27,83.03
KOR,Asia,South Korea,2020-05-01,10774,9,9.429,248,1,1.143,210.146,0.176,0.184,4.837,0.02,0.022,,614384,11.983,,4923,0.096,522.136,0.002,people tested,43.52,51269183,527.967,43.4,13.914,8.622,35938.374,0.2,85.998,6.8,6.2,40.9,,12.27,83.03
KOR,Asia,South Korea,2020-05-02,10780,6,8.857,250,2,1.429,210.263,0.117,0.173,4.876,0.039,0.028,4682,619066,12.075,0.091,4981,0.097,562.371,0.002,people tested,43.52,51269183,527.967,43.4,13.914,8.622,35938.374,0.2,85.998,6.8,6.2,40.9,,12.27,83.03
KOR,Asia,South Korea,2020-05-03,10793,13,9.286,250,0,1.143,210.516,0.254,0.181,4.876,0,0.022,3319,622385,12.14,0.065,4843,0.094,521.554,0.002,people tested,43.52,51269183,527.967,43.4,13.914,8.622,35938.374,0.2,85.998,6.8,6.2,40.9,,12.27,83.03
KOR,Asia,South Korea,2020-05-04,10801,8,9,252,2,1.286,210.672,0.156,0.176,4.915,0.039,0.025,3360,625745,12.205,0.066,4711,0.092,523.444,0.002,people tested,43.52,51269183,527.967,43.4,13.914,8.622,35938.374,0.2,85.998,6.8,6.2,40.9,,12.27,83.03
KOR,Asia,South Korea,2020-05-05,10804,3,7.429,254,2,1.429,210.731,0.059,0.145,4.954,0.039,0.028,5634,631379,12.315,0.11,4581,0.089,616.673,0.002,people tested,43.52,51269183,527.967,43.4,13.914,8.622,35938.374,0.2,85.998,6.8,6.2,40.9,,12.27,83.03
KOR,Asia,South Korea,2020-05-06,10806,2,6.429,255,1,1.286,210.77,0.039,0.125,4.974,0.02,0.025,3707,635086,12.387,0.072,4171,0.081,648.822,0.002,people tested,43.52,51269183,527.967,43.4,13.914,8.622,35938.374,0.2,85.998,6.8,6.2,40.9,,12.27,83.03
KOR,Asia,South Korea,2020-05-07,10810,4,6.429,256,1,1.286,210.848,0.078,0.125,4.993,0.02,0.025,5873,640959,12.502,0.115,4403,0.086,684.911,0.001,people tested,43.52,51269183,527.967,43.4,13.914,8.622,35938.374,0.2,85.998,6.8,6.2,40.9,,12.27,83.03
KOR,Asia,South Korea,2020-05-08,10822,12,6.857,256,0,1.143,211.082,0.234,0.134,4.993,0,0.022,5037,645996,12.6,0.098,4516,0.088,658.583,0.002,people tested,43.52,51269183,527.967,43.4,13.914,8.622,35938.374,0.2,85.998,6.8,6.2,40.9,,12.27,83.03
KOR,Asia,South Korea,2020-05-09,10840,18,8.571,256,0,0.857,211.433,0.351,0.167,4.993,0,0.017,4881,650877,12.695,0.095,4544,0.089,530.133,0.002,people tested,43.52,51269183,527.967,43.4,13.914,8.622,35938.374,0.2,85.998,6.8,6.2,40.9,,12.27,83.03
KOR,Asia,South Korea,2020-05-10,10874,34,11.571,256,0,0.857,212.096,0.663,0.226,4.993,0,0.017,,,,,4548,0.089,393.037,0.003,people tested,43.52,51269183,527.967,43.4,13.914,8.622,35938.374,0.2,85.998,6.8,6.2,40.9,,12.27,83.03
KOR,Asia,South Korea,2020-05-11,10909,35,15.429,256,0,0.571,212.779,0.683,0.301,4.993,0,0.011,,657570,12.826,,4546,0.089,294.648,0.003,people tested,43.52,51269183,527.967,43.4,13.914,8.622,35938.374,0.2,85.998,6.8,6.2,40.9,,12.27,83.03
KOR,Asia,South Korea,2020-05-12,10936,27,18.857,258,2,0.571,213.306,0.527,0.368,5.032,0.039,0.011,6990,664560,12.962,0.136,4740,0.092,251.364,0.004,people tested,43.52,51269183,527.967,43.4,13.914,8.622,35938.374,0.2,85.998,6.8,6.2,40.9,,12.27,83.03
KOR,Asia,South Korea,2020-05-13,10962,26,22.286,259,1,0.571,213.813,0.507,0.435,5.052,0.02,0.011,11781,676341,13.192,0.23,5894,0.115,264.474,0.004,people tested,43.52,51269183,527.967,43.4,13.914,8.622,35938.374,0.2,85.998,6.8,6.2,40.9,,12.27,83.03
KOR,Asia,South Korea,2020-05-14,10991,29,25.857,260,1,0.571,214.378,0.566,0.504,5.071,0.02,0.011,14421,690762,13.473,0.281,7115,0.139,275.166,0.004,people tested,43.52,51269183,527.967,43.4,13.914,8.622,35938.374,0.2,85.998,6.8,6.2,40.9,,12.27,83.03
KOR,Asia,South Korea,2020-05-15,11018,27,28,260,0,0.571,214.905,0.527,0.546,5.071,0,0.011,16110,706872,13.787,0.314,8697,0.17,310.607,0.003,people tested,43.52,51269183,527.967,43.4,13.914,8.622,35938.374,0.2,85.998,6.8,6.2,40.9,,12.27,83.03
KOR,Asia,South Korea,2020-05-16,11037,19,28.143,262,2,0.857,215.276,0.371,0.549,5.11,0.039,0.017,,,,,9651,0.188,342.929,0.003,people tested,43.52,51269183,527.967,43.4,13.914,8.622,35938.374,0.2,85.998,6.8,6.2,40.9,,12.27,83.03
KOR,Asia,South Korea,2020-05-17,11050,13,25.143,262,0,0.857,215.529,0.254,0.49,5.11,0,0.017,,729993,14.238,,10824,0.211,430.5,0.002,people tested,43.52,51269183,527.967,43.4,13.914,8.622,35938.374,0.2,85.998,6.8,6.2,40.9,,12.27,83.03
KOR,Asia,South Korea,2020-05-18,11065,15,22.286,263,1,1,215.822,0.293,0.435,5.13,0.02,0.02,7125,737118,14.377,0.139,11364,0.222,509.923,0.002,people tested,43.52,51269183,527.967,43.4,13.914,8.622,35938.374,0.2,85.998,6.8,6.2,40.9,,12.27,83.03
KOR,Asia,South Korea,2020-05-19,11078,13,20.286,263,0,0.714,216.075,0.254,0.396,5.13,0,0.014,11531,748649,14.602,0.225,12013,0.234,592.19,0.002,people tested,43.52,51269183,527.967,43.4,13.914,8.622,35938.374,0.2,85.998,6.8,6.2,40.9,,12.27,83.03
KOR,Asia,South Korea,2020-05-20,11110,32,21.143,263,0,0.571,216.699,0.624,0.412,5.13,0,0.011,11433,760082,14.825,0.223,11963,0.233,565.818,0.002,people tested,39.81,51269183,527.967,43.4,13.914,8.622,35938.374,0.2,85.998,6.8,6.2,40.9,,12.27,83.03
KOR,Asia,South Korea,2020-05-21,11122,12,18.714,264,1,0.571,216.933,0.234,0.365,5.149,0.02,0.011,10513,770595,15.03,0.205,11405,0.222,609.427,0.002,people tested,39.81,51269183,527.967,43.4,13.914,8.622,35938.374,0.2,85.998,6.8,6.2,40.9,,12.27,83.03
KOR,Asia,South Korea,2020-05-22,11142,20,17.714,264,0,0.571,217.324,0.39,0.346,5.149,0,0.011,11537,782132,15.255,0.225,10751,0.21,606.911,0.002,people tested,39.81,51269183,527.967,43.4,13.914,8.622,35938.374,0.2,85.998,6.8,6.2,40.9,,12.27,83.03
KOR,Asia,South Korea,2020-05-23,11165,23,18.286,266,2,0.571,217.772,0.449,0.357,5.188,0.039,0.011,10719,792851,15.464,0.209,10631,0.207,581.383,0.002,people tested,39.81,51269183,527.967,43.4,13.914,8.622,35938.374,0.2,85.998,6.8,6.2,40.9,,12.27,83.03
KOR,Asia,South Korea,2020-05-24,11190,25,20,266,0,0.571,218.26,0.488,0.39,5.188,0,0.011,,,,,10015,0.195,500.75,0.002,people tested,39.81,51269183,527.967,43.4,13.914,8.622,35938.374,0.2,85.998,6.8,6.2,40.9,,12.27,83.03
KOR,Asia,South Korea,2020-05-25,11206,16,20.143,267,1,0.571,218.572,0.312,0.393,5.208,0.02,0.011,,807348,15.747,,10033,0.196,498.092,0.002,people tested,39.81,51269183,527.967,43.4,13.914,8.622,35938.374,0.2,85.998,6.8,6.2,40.9,,12.27,83.03
KOR,Asia,South Korea,2020-05-26,11225,19,21,269,2,0.857,218.942,0.371,0.41,5.247,0.039,0.017,10083,817431,15.944,0.197,9826,0.192,467.905,0.002,people tested,39.81,51269183,527.967,43.4,13.914,8.622,35938.374,0.2,85.998,6.8,6.2,40.9,,12.27,83.03
KOR,Asia,South Korea,2020-05-27,11265,40,22.143,269,0,0.857,219.723,0.78,0.432,5.247,0,0.017,14384,831815,16.224,0.281,10248,0.2,462.813,0.002,people tested,39.81,51269183,527.967,43.4,13.914,8.622,35938.374,0.2,85.998,6.8,6.2,40.9,,12.27,83.03
KOR,Asia,South Korea,2020-05-28,11344,79,31.714,269,0,0.714,221.264,1.541,0.619,5.247,0,0.014,14481,846296,16.507,0.282,10814,0.211,340.982,0.003,people tested,39.81,51269183,527.967,43.4,13.914,8.622,35938.374,0.2,85.998,6.8,6.2,40.9,,12.27,83.03
KOR,Asia,South Korea,2020-05-29,11402,58,37.143,269,0,0.714,222.395,1.131,0.724,5.247,0,0.014,14267,860563,16.785,0.278,11204,0.219,301.646,0.003,people tested,56.94,51269183,527.967,43.4,13.914,8.622,35938.374,0.2,85.998,6.8,6.2,40.9,,12.27,83.03
KOR,Asia,South Korea,2020-05-30,11441,39,39.429,269,0,0.429,223.155,0.761,0.769,5.247,0,0.008,16040,876603,17.098,0.313,11965,0.233,303.46,0.003,people tested,56.94,51269183,527.967,43.4,13.914,8.622,35938.374,0.2,85.998,6.8,6.2,40.9,,12.27,83.03
KOR,Asia,South Korea,2020-05-31,11468,27,39.714,270,1,0.571,223.682,0.527,0.775,5.266,0.02,0.011,10925,887528,17.311,0.213,12490,0.244,314.496,0.003,people tested,56.94,51269183,527.967,43.4,13.914,8.622,35938.374,0.2,85.998,6.8,6.2,40.9,,12.27,83.03
KOR,Asia,South Korea,2020-06-01,11503,35,42.429,271,1,0.571,224.365,0.683,0.828,5.286,0.02,0.011,9805,897333,17.502,0.191,12855,0.251,302.98,0.003,people tested,56.94,51269183,527.967,43.4,13.914,8.622,35938.374,0.2,85.998,6.8,6.2,40.9,,12.27,83.03
KOR,Asia,South Korea,2020-06-02,11541,38,45.143,272,1,0.429,225.106,0.741,0.881,5.305,0.02,0.008,13596,910929,17.768,0.265,13357,0.261,295.883,0.003,people tested,56.94,51269183,527.967,43.4,13.914,8.622,35938.374,0.2,85.998,6.8,6.2,40.9,,12.27,83.03
KOR,Asia,South Korea,2020-06-03,11590,49,46.429,273,1,0.571,226.062,0.956,0.906,5.325,0.02,0.011,18058,928987,18.12,0.352,13882,0.271,298.997,0.003,people tested,56.94,51269183,527.967,43.4,13.914,8.622,35938.374,0.2,85.998,6.8,6.2,40.9,,12.27,83.03
KOR,Asia,South Korea,2020-06-04,11629,39,40.714,273,0,0.571,226.822,0.761,0.794,5.325,0,0.011,16672,945659,18.445,0.325,14195,0.277,348.649,0.003,people tested,56.94,51269183,527.967,43.4,13.914,8.622,35938.374,0.2,85.998,6.8,6.2,40.9,,12.27,83.03
KOR,Asia,South Korea,2020-06-05,11668,39,38,273,0,0.571,227.583,0.761,0.741,5.325,0,0.011,16535,962194,18.767,0.323,14519,0.283,382.079,0.003,people tested,56.94,51269183,527.967,43.4,13.914,8.622,35938.374,0.2,85.998,6.8,6.2,40.9,,12.27,83.03
KOR,Asia,South Korea,2020-06-06,11719,51,39.714,273,0,0.571,228.578,0.995,0.775,5.325,0,0.011,15157,977351,19.063,0.296,14393,0.281,362.414,0.003,people tested,56.94,51269183,527.967,43.4,13.914,8.622,35938.374,0.2,85.998,6.8,6.2,40.9,,12.27,83.03
KOR,Asia,South Korea,2020-06-07,11776,57,44,273,0,0.429,229.69,1.112,0.858,5.325,0,0.008,8937,986288,19.237,0.174,14109,0.275,320.659,0.003,people tested,56.94,51269183,527.967,43.4,13.914,8.622,35938.374,0.2,85.998,6.8,6.2,40.9,,12.27,83.03
KOR,Asia,South Korea,2020-06-08,11814,38,44.429,273,0,0.286,230.431,0.741,0.867,5.325,0,0.006,7552,993840,19.385,0.147,13787,0.269,310.318,0.003,people tested,56.94,51269183,527.967,43.4,13.914,8.622,35938.374,0.2,85.998,6.8,6.2,40.9,,12.27,83.03
KOR,Asia,South Korea,2020-06-09,11852,38,44.429,274,1,0.286,231.172,0.741,0.867,5.344,0.02,0.006,14698,1008538,19.671,0.287,13944,0.272,313.852,0.003,people tested,56.94,51269183,527.967,43.4,13.914,8.622,35938.374,0.2,85.998,6.8,6.2,40.9,,12.27,83.03
KOR,Asia,South Korea,2020-06-10,11902,50,44.571,276,2,0.429,232.147,0.975,0.869,5.383,0.039,0.008,17211,1025749,20.007,0.336,13823,0.27,310.131,0.003,people tested,56.94,51269183,527.967,43.4,13.914,8.622,35938.374,0.2,85.998,6.8,6.2,40.9,,12.27,83.03
KOR,Asia,South Korea,2020-06-11,11947,45,45.429,276,0,0.429,233.025,0.878,0.886,5.383,0,0.008,15645,1041394,20.312,0.305,13676,0.267,301.044,0.003,people tested,56.94,51269183,527.967,43.4,13.914,8.622,35938.374,0.2,85.998,6.8,6.2,40.9,,12.27,83.03
KOR,Asia,South Korea,2020-06-12,12003,56,47.857,277,1,0.571,234.117,1.092,0.933,5.403,0.02,0.011,15849,1057243,20.621,0.309,13578,0.265,283.719,0.004,people tested,56.94,51269183,527.967,43.4,13.914,8.622,35938.374,0.2,85.998,6.8,6.2,40.9,,12.27,83.03
KOR,Asia,South Korea,2020-06-13,12051,48,47.429,277,0,0.571,235.053,0.936,0.925,5.403,0,0.011,14109,1071352,20.897,0.275,13429,0.262,283.142,0.004,people tested,56.94,51269183,527.967,43.4,13.914,8.622,35938.374,0.2,85.998,6.8,6.2,40.9,,12.27,83.03
KOR,Asia,South Korea,2020-06-14,12084,33,44,277,0,0.571,235.697,0.644,0.858,5.403,0,0.011,7620,1078972,21.045,0.149,13241,0.258,300.932,0.003,people tested,56.94,51269183,527.967,43.4,13.914,8.622,35938.374,0.2,85.998,6.8,6.2,40.9,,12.27,83.03
KOR,Asia,South Korea,2020-06-15,12121,37,43.857,277,0,0.571,236.419,0.722,0.855,5.403,0,0.011,5954,1084926,21.161,0.116,13012,0.254,296.691,0.003,people tested,56.94,51269183,527.967,43.4,13.914,8.622,35938.374,0.2,85.998,6.8,6.2,40.9,,12.27,83.03
KOR,Asia,South Korea,2020-06-16,12155,34,43.286,278,1,0.571,237.082,0.663,0.844,5.422,0.02,0.011,12209,1097135,21.4,0.238,12657,0.247,292.406,0.003,people tested,56.94,51269183,527.967,43.4,13.914,8.622,35938.374,0.2,85.998,6.8,6.2,40.9,,12.27,83.03
KOR,Asia,South Korea,2020-06-17,12198,43,42.286,279,1,0.429,237.921,0.839,0.825,5.442,0.02,0.008,14199,1111334,21.676,0.277,12226,0.238,289.128,0.003,people tested,56.94,51269183,527.967,43.4,13.914,8.622,35938.374,0.2,85.998,6.8,6.2,40.9,,12.27,83.03
KOR,Asia,South Korea,2020-06-18,12257,59,44.286,280,1,0.571,239.071,1.151,0.864,5.461,0.02,0.011,12664,1123998,21.923,0.247,11801,0.23,266.474,0.004,people tested,56.94,51269183,527.967,43.4,13.914,8.622,35938.374,0.2,85.998,6.8,6.2,40.9,,12.27,83.03
KOR,Asia,South Korea,2020-06-19,12306,49,43.286,280,0,0.429,240.027,0.956,0.844,5.461,0,0.008,12875,1136873,22.175,0.251,11376,0.222,262.812,0.004,people tested,56.94,51269183,527.967,43.4,13.914,8.622,35938.374,0.2,85.998,6.8,6.2,40.9,,12.27,83.03
KOR,Asia,South Korea,2020-06-20,12373,67,46,280,0,0.429,241.334,1.307,0.897,5.461,0,0.008,12558,1149431,22.42,0.245,11154,0.218,242.478,0.004,people tested,56.94,51269183,527.967,43.4,13.914,8.622,35938.374,0.2,85.998,6.8,6.2,40.9,,12.27,83.03
KOR,Asia,South Korea,2020-06-21,12421,48,48.143,280,0,0.429,242.27,0.936,0.939,5.461,0,0.008,6961,1156392,22.555,0.136,11060,0.216,229.733,0.004,people tested,56.94,51269183,527.967,43.4,13.914,8.622,35938.374,0.2,85.998,6.8,6.2,40.9,,12.27,83.03
KOR,Asia,South Korea,2020-06-22,12438,17,45.286,280,0,0.429,242.602,0.332,0.883,5.461,0,0.008,6271,1162663,22.678,0.122,11105,0.217,245.221,0.004,people tested,56.94,51269183,527.967,43.4,13.914,8.622,35938.374,0.2,85.998,6.8,6.2,40.9,,12.27,83.03
KOR,Asia,South Korea,2020-06-23,12484,46,47,281,1,0.429,243.499,0.897,0.917,5.481,0.02,0.008,11071,1173734,22.894,0.216,10943,0.213,232.83,0.004,people tested,56.94,51269183,527.967,43.4,13.914,8.622,35938.374,0.2,85.998,6.8,6.2,40.9,,12.27,83.03
KOR,Asia,South Korea,2020-06-24,12535,51,48.143,281,0,0.286,244.494,0.995,0.939,5.481,0,0.006,14618,1188352,23.179,0.285,11003,0.215,228.549,0.004,people tested,56.94,51269183,527.967,43.4,13.914,8.622,35938.374,0.2,85.998,6.8,6.2,40.9,,12.27,83.03
KOR,Asia,South Korea,2020-06-25,12563,28,43.714,282,1,0.286,245.04,0.546,0.853,5.5,0.02,0.006,13226,1201578,23.437,0.258,11083,0.216,253.533,0.004,people tested,56.94,51269183,527.967,43.4,13.914,8.622,35938.374,0.2,85.998,6.8,6.2,40.9,,12.27,83.03
KOR,Asia,South Korea,2020-06-26,12602,39,42.286,282,0,0.286,245.801,0.761,0.825,5.5,0,0.006,11909,1213487,23.669,0.232,10945,0.213,258.834,0.004,people tested,56.94,51269183,527.967,43.4,13.914,8.622,35938.374,0.2,85.998,6.8,6.2,40.9,,12.27,83.03
KOR,Asia,South Korea,2020-06-27,12653,51,40,282,0,0.286,246.795,0.995,0.78,5.5,0,0.006,10427,1223914,23.872,0.203,10640,0.208,266,0.004,people tested,56.94,51269183,527.967,43.4,13.914,8.622,35938.374,0.2,85.998,6.8,6.2,40.9,,12.27,83.03
KOR,Asia,South Korea,2020-06-28,12715,62,42,282,0,0.286,248.005,1.209,0.819,5.5,0,0.006,8776,1232690,24.043,0.171,10900,0.213,259.524,0.004,people tested,56.94,51269183,527.967,43.4,13.914,8.622,35938.374,0.2,85.998,6.8,6.2,40.9,,12.27,83.03
KOR,Asia,South Korea,2020-06-29,12757,42,45.571,282,0,0.286,248.824,0.819,0.889,5.5,0,0.006,8765,1241455,24.214,0.171,11256,0.22,246.997,0.004,people tested,56.94,51269183,527.967,43.4,13.914,8.622,35938.374,0.2,85.998,6.8,6.2,40.9,,12.27,83.03
KOR,Asia,South Korea,2020-06-30,12800,43,45.143,282,0,0.143,249.663,0.839,0.881,5.5,0,0.003,11502,1252957,24.439,0.224,11318,0.221,250.715,0.004,people tested,56.94,51269183,527.967,43.4,13.914,8.622,35938.374,0.2,85.998,6.8,6.2,40.9,,12.27,83.03
KOR,Asia,South Korea,2020-07-01,12850,50,45,282,0,0.143,250.638,0.975,0.878,5.5,0,0.003,12748,1265705,24.687,0.249,11050,0.216,245.556,0.004,people tested,56.94,51269183,527.967,43.4,13.914,8.622,35938.374,0.2,85.998,6.8,6.2,40.9,,12.27,83.03
KOR,Asia,South Korea,2020-07-02,12904,54,48.714,282,0,0,251.691,1.053,0.95,5.5,0,0,10475,1276180,24.892,0.204,10657,0.208,218.765,0.005,people tested,56.94,51269183,527.967,43.4,13.914,8.622,35938.374,0.2,85.998,6.8,6.2,40.9,,12.27,83.03
KOR,Asia,South Korea,2020-07-03,12967,63,52.143,282,0,0,252.92,1.229,1.017,5.5,0,0,10021,1286201,25.087,0.195,10388,0.203,199.222,0.005,people tested,56.94,51269183,527.967,43.4,13.914,8.622,35938.374,0.2,85.998,6.8,6.2,40.9,,12.27,83.03
KOR,Asia,South Korea,2020-07-04,13030,63,53.857,283,1,0.143,254.149,1.229,1.05,5.52,0.02,0.003,11001,1297202,25.302,0.215,10470,0.204,194.403,0.005,people tested,54.17,51269183,527.967,43.4,13.914,8.622,35938.374,0.2,85.998,6.8,6.2,40.9,,12.27,83.03
KOR,Asia,South Korea,2020-07-05,13091,61,53.714,283,0,0.143,255.339,1.19,1.048,5.52,0,0.003,,,,,10166,0.198,189.261,0.005,people tested,54.17,51269183,527.967,43.4,13.914,8.622,35938.374,0.2,85.998,6.8,6.2,40.9,,12.27,83.03
KOR,Asia,South Korea,2020-07-06,13091,0,47.714,283,0,0.143,255.339,0,0.931,5.52,0,0.003,,1310504,25.561,,9864,0.192,206.731,0.005,people tested,54.17,51269183,527.967,43.4,13.914,8.622,35938.374,0.2,85.998,6.8,6.2,40.9,,12.27,83.03
KOR,Asia,South Korea,2020-07-07,13181,90,54.429,285,2,0.429,257.094,1.755,1.062,5.559,0.039,0.008,12015,1322519,25.796,0.234,9937,0.194,182.57,0.005,people tested,54.17,51269183,527.967,43.4,13.914,8.622,35938.374,0.2,85.998,6.8,6.2,40.9,,12.27,83.03
KOR,Asia,South Korea,2020-07-08,13244,63,56.286,285,0,0.429,258.323,1.229,1.098,5.559,0,0.008,13204,1335723,26.053,0.258,10003,0.195,177.718,0.006,people tested,54.17,51269183,527.967,43.4,13.914,8.622,35938.374,0.2,85.998,6.8,6.2,40.9,,12.27,83.03
KOR,Asia,South Korea,2020-07-09,13293,49,55.571,287,2,0.714,259.279,0.956,1.084,5.598,0.039,0.014,12136,1347859,26.29,0.237,10240,0.2,184.267,0.005,people tested,54.17,51269183,527.967,43.4,13.914,8.622,35938.374,0.2,85.998,6.8,6.2,40.9,,12.27,83.03
KOR,Asia,South Korea,2020-07-10,13338,45,53,288,1,0.857,260.156,0.878,1.034,5.617,0.02,0.017,13504,1361363,26.553,0.263,10737,0.209,202.585,0.005,people tested,54.17,51269183,527.967,43.4,13.914,8.622,35938.374,0.2,85.998,6.8,6.2,40.9,,12.27,83.03
KOR,Asia,South Korea,2020-07-11,13373,35,49,288,0,0.714,260.839,0.683,0.956,5.617,0,0.014,,,,,10520,0.205,214.694,0.005,people tested,48.61,51269183,527.967,43.4,13.914,8.622,35938.374,0.2,85.998,6.8,6.2,40.9,,12.27,83.03
KOR,Asia,South Korea,2020-07-12,13417,44,46.571,289,1,0.857,261.697,0.858,0.908,5.637,0.02,0.017,,1380314,26.923,,10923,0.213,234.543,0.004,people tested,48.61,51269183,527.967,43.4,13.914,8.622,35938.374,0.2,85.998,6.8,6.2,40.9,,12.27,83.03
KOR,Asia,South Korea,2020-07-13,13479,62,55.429,289,0,0.857,262.906,1.209,1.081,5.637,0,0.017,6153,1386467,27.043,0.12,10852,0.212,195.784,0.005,people tested,48.61,51269183,527.967,43.4,13.914,8.622,35938.374,0.2,85.998,6.8,6.2,40.9,,12.27,83.03
KOR,Asia,South Korea,2020-07-14,13512,33,47.286,289,0,0.571,263.55,0.644,0.922,5.637,0,0.011,9860,1396327,27.235,0.192,10544,0.206,222.985,0.004,people tested,48.61,51269183,527.967,43.4,13.914,8.622,35938.374,0.2,85.998,6.8,6.2,40.9,,12.27,83.03
KOR,Asia,South Korea,2020-07-15,13551,39,43.857,289,0,0.571,264.311,0.761,0.855,5.637,0,0.011,11692,1408019,27.463,0.228,10328,0.201,235.492,0.004,people tested,48.61,51269183,527.967,43.4,13.914,8.622,35938.374,0.2,85.998,6.8,6.2,40.9,,12.27,83.03
KOR,Asia,South Korea,2020-07-16,13612,61,45.571,291,2,0.571,265.501,1.19,0.889,5.676,0.039,0.011,9925,1417944,27.657,0.194,10012,0.195,219.699,0.005,people tested,48.61,51269183,527.967,43.4,13.914,8.622,35938.374,0.2,85.998,6.8,6.2,40.9,,12.27,83.03
KOR,Asia,South Korea,2020-07-17,13672,60,47.714,293,2,0.714,266.671,1.17,0.931,5.715,0.039,0.014,9963,1427907,27.851,0.194,9506,0.185,199.228,0.005,people tested,48.61,51269183,527.967,43.4,13.914,8.622,35938.374,0.2,85.998,6.8,6.2,40.9,,12.27,83.03
KOR,Asia,South Korea,2020-07-18,13711,39,48.286,294,1,0.857,267.432,0.761,0.942,5.734,0.02,0.017,9374,1437281,28.034,0.183,9492,0.185,196.58,0.005,people tested,48.61,51269183,527.967,43.4,13.914,8.622,35938.374,0.2,85.998,6.8,6.2,40.9,,12.27,83.03
KOR,Asia,South Korea,2020-07-19,13745,34,46.857,295,1,0.857,268.095,0.663,0.914,5.754,0.02,0.017,6065,1443346,28.152,0.118,9005,0.176,192.18,0.005,people tested,48.61,51269183,527.967,43.4,13.914,8.622,35938.374,0.2,85.998,6.8,6.2,40.9,,12.27,83.03
KOR,Asia,South Korea,2020-07-20,13771,26,41.714,296,1,1,268.602,0.507,0.814,5.773,0.02,0.02,5545,1448891,28.26,0.108,8918,0.174,213.788,0.005,people tested,48.61,51269183,527.967,43.4,13.914,8.622,35938.374,0.2,85.998,6.8,6.2,40.9,,12.27,83.03
KOR,Asia,South Korea,2020-07-21,13816,45,43.429,296,0,1,269.48,0.878,0.847,5.773,0,0.02,9635,1458526,28.448,0.188,8886,0.173,204.612,0.005,people tested,48.61,51269183,527.967,43.4,13.914,8.622,35938.374,0.2,85.998,6.8,6.2,40.9,,12.27,83.03
KOR,Asia,South Korea,2020-07-22,13879,63,46.857,297,1,1.143,270.708,1.229,0.914,5.793,0.02,0.022,11794,1470320,28.678,0.23,8900,0.174,189.939,0.005,people tested,48.61,51269183,527.967,43.4,13.914,8.622,35938.374,0.2,85.998,6.8,6.2,40.9,,12.27,83.03
KOR,Asia,South Korea,2020-07-23,13938,59,46.571,297,0,0.857,271.859,1.151,0.908,5.793,0,0.017,9116,1479436,28.856,0.178,8785,0.171,188.635,0.005,people tested,48.61,51269183,527.967,43.4,13.914,8.622,35938.374,0.2,85.998,6.8,6.2,40.9,,12.27,83.03
KOR,Asia,South Korea,2020-07-24,13979,41,43.857,298,1,0.714,272.659,0.8,0.855,5.812,0.02,0.014,10332,1489768,29.058,0.202,8837,0.172,201.495,0.005,people tested,48.61,51269183,527.967,43.4,13.914,8.622,35938.374,0.2,85.998,6.8,6.2,40.9,,12.27,83.03
KOR,Asia,South Korea,2020-07-25,14092,113,54.429,298,0,0.571,274.863,2.204,1.062,5.812,0,0.011,9185,1498953,29.237,0.179,8810,0.172,161.864,0.006,people tested,48.61,51269183,527.967,43.4,13.914,8.622,35938.374,0.2,85.998,6.8,6.2,40.9,,12.27,83.03
KOR,Asia,South Korea,2020-07-26,14150,58,57.857,298,0,0.429,275.994,1.131,1.128,5.812,0,0.008,4759,1503712,29.33,0.093,8624,0.168,149.057,0.007,people tested,48.61,51269183,527.967,43.4,13.914,8.622,35938.374,0.2,85.998,6.8,6.2,40.9,,12.27,83.03
KOR,Asia,South Korea,2020-07-27,14175,25,57.714,299,1,0.429,276.482,0.488,1.126,5.832,0.02,0.008,4492,1508204,29.417,0.088,8473,0.165,146.809,0.007,people tested,48.61,51269183,527.967,43.4,13.914,8.622,35938.374,0.2,85.998,6.8,6.2,40.9,,12.27,83.03
KOR,Asia,South Korea,2020-07-28,14203,28,55.286,300,1,0.571,277.028,0.546,1.078,5.851,0.02,0.011,9056,1517260,29.594,0.177,8391,0.164,151.775,0.007,people tested,48.61,51269183,527.967,43.4,13.914,8.622,35938.374,0.2,85.998,6.8,6.2,40.9,,12.27,83.03
KOR,Asia,South Korea,2020-07-29,14251,48,53.143,300,0,0.429,277.964,0.936,1.037,5.851,0,0.008,10721,1527981,29.803,0.209,8237,0.161,154.997,0.006,people tested,48.61,51269183,527.967,43.4,13.914,8.622,35938.374,0.2,85.998,6.8,6.2,40.9,,12.27,83.03
KOR,Asia,South Korea,2020-07-30,14269,18,47.286,300,0,0.429,278.315,0.351,0.922,5.851,0,0.008,9216,1537197,29.983,0.18,8252,0.161,174.514,0.006,people tested,48.61,51269183,527.967,43.4,13.914,8.622,35938.374,0.2,85.998,6.8,6.2,40.9,,12.27,83.03
KOR,Asia,South Korea,2020-07-31,14305,36,46.571,301,1,0.429,279.018,0.702,0.908,5.871,0.02,0.008,8269,1545466,30.144,0.161,7957,0.155,170.856,0.006,people tested,48.61,51269183,527.967,43.4,13.914,8.622,35938.374,0.2,85.998,6.8,6.2,40.9,,12.27,83.03
KOR,Asia,South Korea,2020-08-01,14336,31,34.857,301,0,0.429,279.622,0.605,0.68,5.871,0,0.008,8086,1553552,30.302,0.158,7800,0.152,223.77,0.004,people tested,48.61,51269183,527.967,43.4,13.914,8.622,35938.374,0.2,85.998,6.8,6.2,40.9,,12.27,83.03
KOR,Asia,South Korea,2020-08-02,14336,0,26.571,301,0,0.429,279.622,0,0.518,5.871,0,0.008,4926,1558478,30.398,0.096,7824,0.153,294.452,0.003,people tested,48.61,51269183,527.967,43.4,13.914,8.622,35938.374,0.2,85.998,6.8,6.2,40.9,,12.27,83.03
KOR,Asia,South Korea,2020-08-03,14389,53,30.571,301,0,0.286,280.656,1.034,0.596,5.871,0,0.006,3878,1562356,30.474,0.076,7736,0.151,253.047,0.004,people tested,48.61,51269183,527.967,43.4,13.914,8.622,35938.374,0.2,85.998,6.8,6.2,40.9,,12.27,83.03
KOR,Asia,South Korea,2020-08-04,14423,34,31.429,301,0,0.143,281.319,0.663,0.613,5.871,0,0.003,8700,1571056,30.643,0.17,7685,0.15,244.523,0.004,people tested,48.61,51269183,527.967,43.4,13.914,8.622,35938.374,0.2,85.998,6.8,6.2,40.9,,12.27,83.03
KOR,Asia,South Korea,2020-08-05,14456,33,29.286,302,1,0.286,281.963,0.644,0.571,5.89,0.02,0.006,8641,1579697,30.812,0.169,7388,0.144,252.273,0.004,people tested,48.61,51269183,527.967,43.4,13.914,8.622,35938.374,0.2,85.998,6.8,6.2,40.9,,12.27,83.03
KOR,Asia,South Korea,2020-08-06,14499,43,32.857,302,0,0.286,282.801,0.839,0.641,5.89,0,0.006,8759,1588456,30.983,0.171,7323,0.143,222.874,0.004,people tested,48.61,51269183,527.967,43.4,13.914,8.622,35938.374,0.2,85.998,6.8,6.2,40.9,,12.27,83.03
KOR,Asia,South Korea,2020-08-07,14519,20,30.571,303,1,0.286,283.192,0.39,0.596,5.91,0.02,0.006,8128,1596584,31.141,0.159,7303,0.142,238.883,0.004,people tested,48.61,51269183,527.967,43.4,13.914,8.622,35938.374,0.2,85.998,6.8,6.2,40.9,,12.27,83.03
KOR,Asia,South Korea,2020-08-08,14562,43,32.286,304,1,0.429,284.03,0.839,0.63,5.929,0.02,0.008,7825,1604409,31.294,0.153,7265,0.142,225.022,0.004,people tested,48.61,51269183,527.967,43.4,13.914,8.622,35938.374,0.2,85.998,6.8,6.2,40.9,,12.27,83.03
KOR,Asia,South Korea,2020-08-09,14598,36,37.429,305,1,0.571,284.732,0.702,0.73,5.949,0.02,0.011,3438,1607847,31.361,0.067,7053,0.138,188.439,0.005,people tested,48.61,51269183,527.967,43.4,13.914,8.622,35938.374,0.2,85.998,6.8,6.2,40.9,,12.27,83.03
KOR,Asia,South Korea,2020-08-10,14626,28,33.857,305,0,0.571,285.279,0.546,0.66,5.949,0,0.011,4060,1611907,31.44,0.079,7079,0.138,209.084,0.005,people tested,48.61,51269183,527.967,43.4,13.914,8.622,35938.374,0.2,85.998,6.8,6.2,40.9,,12.27,83.03
KOR,Asia,South Korea,2020-08-11,14660,34,33.857,305,0,0.571,285.942,0.663,0.66,5.949,0,0.011,8448,1620355,31.605,0.165,7043,0.137,208.021,0.005,people tested,48.61,51269183,527.967,43.4,13.914,8.622,35938.374,0.2,85.998,6.8,6.2,40.9,,12.27,83.03
KOR,Asia,South Korea,2020-08-12,14714,54,36.857,305,0,0.429,286.995,1.053,0.719,5.949,0,0.008,8922,1629277,31.779,0.174,7083,0.138,192.174,0.005,people tested,48.61,51269183,527.967,43.4,13.914,8.622,35938.374,0.2,85.998,6.8,6.2,40.9,,12.27,83.03
KOR,Asia,South Korea,2020-08-13,14770,56,38.714,305,0,0.429,288.087,1.092,0.755,5.949,0,0.008,7823,1637100,31.931,0.153,6949,0.136,179.494,0.006,people tested,48.61,51269183,527.967,43.4,13.914,8.622,35938.374,0.2,85.998,6.8,6.2,40.9,,12.27,83.03
KOR,Asia,South Korea,2020-08-14,14873,103,50.571,305,0,0.286,290.096,2.009,0.986,5.949,0,0.006,7852,1644952,32.085,0.153,6910,0.135,136.638,0.007,people tested,48.61,51269183,527.967,43.4,13.914,8.622,35938.374,0.2,85.998,6.8,6.2,40.9,,12.27,83.03
KOR,Asia,South Korea,2020-08-15,15039,166,68.143,305,0,0.143,293.334,3.238,1.329,5.949,0,0.003,8726,1653678,32.255,0.17,7038,0.137,103.283,0.01,people tested,48.61,51269183,527.967,43.4,13.914,8.622,35938.374,0.2,85.998,6.8,6.2,40.9,,12.27,83.03
KOR,Asia,South Korea,2020-08-16,15318,279,102.857,305,0,0,298.776,5.442,2.006,5.949,0,0,6104,1659782,32.374,0.119,7419,0.145,72.129,0.014,people tested,54.17,51269183,527.967,43.4,13.914,8.622,35938.374,0.2,85.998,6.8,6.2,40.9,,12.27,83.03
KOR,Asia,South Korea,2020-08-17,15515,197,127,305,0,0,302.618,3.842,2.477,5.949,0,0,5724,1665506,32.486,0.112,7657,0.149,60.291,0.017,people tested,54.17,51269183,527.967,43.4,13.914,8.622,35938.374,0.2,85.998,6.8,6.2,40.9,,12.27,83.03
KOR,Asia,South Korea,2020-08-18,15761,246,157.286,306,1,0.143,307.417,4.798,3.068,5.968,0.02,0.003,6317,1671823,32.609,0.123,7353,0.143,46.749,0.021,people tested,54.17,51269183,527.967,43.4,13.914,8.622,35938.374,0.2,85.998,6.8,6.2,40.9,,12.27,83.03
KOR,Asia,South Korea,2020-08-19,16058,297,192,306,0,0.143,313.21,5.793,3.745,5.968,0,0.003,12219,1684042,32.847,0.238,7824,0.153,40.75,0.025,people tested,54.17,51269183,527.967,43.4,13.914,8.622,35938.374,0.2,85.998,6.8,6.2,40.9,,12.27,83.03
KOR,Asia,South Korea,2020-08-20,16346,288,225.143,307,1,0.286,318.827,5.617,4.391,5.988,0.02,0.006,15043,1699085,33.14,0.293,8855,0.173,39.331,0.025,people tested,54.17,51269183,527.967,43.4,13.914,8.622,35938.374,0.2,85.998,6.8,6.2,40.9,,12.27,83.03
KOR,Asia,South Korea,2020-08-21,16670,324,256.714,309,2,0.571,325.147,6.32,5.007,6.027,0.039,0.011,16993,1716078,33.472,0.331,10161,0.198,39.581,0.025,people tested,54.17,51269183,527.967,43.4,13.914,8.622,35938.374,0.2,85.998,6.8,6.2,40.9,,12.27,83.03
KOR,Asia,South Korea,2020-08-22,17002,332,280.429,309,0,0.571,331.622,6.476,5.47,6.027,0,0.011,17295,1733373,33.809,0.337,11385,0.222,40.599,0.025,people tested,54.17,51269183,527.967,43.4,13.914,8.622,35938.374,0.2,85.998,6.8,6.2,40.9,,12.27,83.03
KOR,Asia,South Korea,2020-08-23,17399,397,297.286,309,0,0.571,339.366,7.743,5.799,6.027,0,0.011,10249,1743622,34.009,0.2,11977,0.234,40.288,0.025,people tested,54.17,51269183,527.967,43.4,13.914,8.622,35938.374,0.2,85.998,6.8,6.2,40.9,,12.27,83.03
KOR,Asia,South Korea,2020-08-24,17665,266,307.143,309,0,0.571,344.554,5.188,5.991,6.027,0,0.011,12805,1756427,34.259,0.25,12989,0.253,42.29,0.024,people tested,54.17,51269183,527.967,43.4,13.914,8.622,35938.374,0.2,85.998,6.8,6.2,40.9,,12.27,83.03
KOR,Asia,South Korea,2020-08-25,17945,280,312,310,1,0.571,350.015,5.461,6.086,6.047,0.02,0.011,19048,1775475,34.63,0.372,14807,0.289,47.458,0.021,people tested,54.17,51269183,527.967,43.4,13.914,8.622,35938.374,0.2,85.998,6.8,6.2,40.9,,12.27,83.03
KOR,Asia,South Korea,2020-08-26,18265,320,315.286,312,2,0.857,356.257,6.242,6.15,6.086,0.039,0.017,21236,1796711,35.045,0.414,16096,0.314,51.052,0.02,people tested,54.17,51269183,527.967,43.4,13.914,8.622,35938.374,0.2,85.998,6.8,6.2,40.9,,12.27,83.03
KOR,Asia,South Korea,2020-08-27,18706,441,337.143,313,1,0.857,364.859,8.602,6.576,6.105,0.02,0.017,20827,1817538,35.451,0.406,16922,0.33,50.192,0.02,people tested,54.17,51269183,527.967,43.4,13.914,8.622,35938.374,0.2,85.998,6.8,6.2,40.9,,12.27,83.03
KOR,Asia,South Korea,2020-08-28,19077,371,343.857,316,3,1,372.095,7.236,6.707,6.164,0.059,0.02,19468,1837006,35.831,0.38,17275,0.337,50.239,0.02,people tested,54.17,51269183,527.967,43.4,13.914,8.622,35938.374,0.2,85.998,6.8,6.2,40.9,,12.27,83.03
KOR,Asia,South Korea,2020-08-29,19400,323,342.571,321,5,1.714,378.395,6.3,6.682,6.261,0.098,0.033,18277,1855283,36.187,0.356,17416,0.34,50.839,0.02,people tested,54.17,51269183,527.967,43.4,13.914,8.622,35938.374,0.2,85.998,6.8,6.2,40.9,,12.27,83.03
KOR,Asia,South Korea,2020-08-30,19699,299,328.571,323,2,2,384.227,5.832,6.409,6.3,0.039,0.039,10866,1866149,36.399,0.212,17504,0.341,53.273,0.019,people tested,54.17,51269183,527.967,43.4,13.914,8.622,35938.374,0.2,85.998,6.8,6.2,40.9,,12.27,83.03
KOR,Asia,South Korea,2020-08-31,19947,248,326,324,1,2.143,389.064,4.837,6.359,6.32,0.02,0.042,13664,1879813,36.666,0.267,17627,0.344,54.071,0.018,people tested,54.17,51269183,527.967,43.4,13.914,8.622,35938.374,0.2,85.998,6.8,6.2,40.9,,12.27,83.03
KOR,Asia,South Korea,2020-09-01,20182,235,319.571,324,0,2,393.648,4.584,6.233,6.32,0,0.039,22524,1902337,37.105,0.439,18123,0.353,56.71,0.018,people tested,54.17,51269183,527.967,43.4,13.914,8.622,35938.374,0.2,85.998,6.8,6.2,40.9,,12.27,83.03
KOR,Asia,South Korea,2020-09-02,20449,267,312,326,2,2,398.856,5.208,6.086,6.359,0.039,0.039,21210,1923547,37.519,0.414,18119,0.353,58.074,0.017,people tested,54.17,51269183,527.967,43.4,13.914,8.622,35938.374,0.2,85.998,6.8,6.2,40.9,,12.27,83.03
KOR,Asia,South Korea,2020-09-03,20644,195,276.857,329,3,2.286,402.659,3.803,5.4,6.417,0.059,0.045,21481,1945028,37.938,0.419,18213,0.355,65.785,0.015,people tested,,51269183,527.967,43.4,13.914,8.622,35938.374,0.2,85.998,6.8,6.2,40.9,,12.27,83.03
KOR,Asia,South Korea,2020-09-04,20842,198,252.143,331,2,2.143,406.521,3.862,4.918,6.456,0.039,0.042,,,,,,,,,,,51269183,527.967,43.4,13.914,8.622,35938.374,0.2,85.998,6.8,6.2,40.9,,12.27,83.03
KOR,Asia,South Korea,2020-09-05,20842,0,206,331,0,1.429,406.521,0,4.018,6.456,0,0.028,,,,,,,,,,,51269183,527.967,43.4,13.914,8.622,35938.374,0.2,85.998,6.8,6.2,40.9,,12.27,83.03
KOR,Asia,South Korea,2020-09-06,21177,335,211.143,334,3,1.571,413.055,6.534,4.118,6.515,0.059,0.031,,,,,,,,,,,51269183,527.967,43.4,13.914,8.622,35938.374,0.2,85.998,6.8,6.2,40.9,,12.27,83.03
